"ta","math_grade","spanish_grade","better_at_math"
"Phuong Vu",3.709766973397,3.75177584778043,FALSE
"Yunwei Liang",4,3.91832054268383,TRUE
"Yubing Tian",3.59331167235807,3.43584822559316,TRUE
"Gavin Sreesangkom",3.03281390391004,3.49546452992075,FALSE
"Coco Li",3.57722481874275,3.71900124009536,FALSE
"George Zhang",3.49846456565179,3.97036009396231,FALSE
"Saurav Sawansukha",3.97020042761912,3.8484505008146,TRUE
"YuYu Madigan",3.94535282771838,3.94747267007725,FALSE
